x,y,R,G,B
0,0,24,24,24
1,0,25,24,25
2,0,25,24,23
3,0,23,23,23
4,0,24,24,24
5,0,24,23,23
6,0,23,24,25
7,0,23,24,25
8,0,25,25,24
9,0,24,25,26
10,0,23,23,24
11,0,25,26,24
12,0,23,23,25
13,0,24,25,23
14,0,27,26,26
15,0,26,25,25
16,0,27,25,25
17,0,27,27,26
18,0,25,25,25
19,0,26,25,25
20,0,25,27,26
21,0,26,26,25
22,0,25,26,24
23,0,23,25,25
24,0,25,27,25
25,0,25,25,26
26,0,25,26,24
27,0,23,23,24
28,0,25,26,25
29,0,24,24,23
30,0,23,22,22
31,0,25,25,24
32,0,26,26,25
33,0,23,25,23
34,0,23,25,23
35,0,25,24,23
36,0,25,25,25
37,0,25,24,25
38,0,26,26,25
39,0,25,25,24
40,0,25,25,25
41,0,25,26,26
42,0,23,25,23
43,0,24,24,23
44,0,24,25,23
45,0,22,23,21
46,0,23,24,24
47,0,25,25,24
48,0,25,25,25
49,0,24,25,25
50,0,25,25,23
51,0,23,24,26
52,0,25,25,25
53,0,26,26,25
54,0,24,26,26
55,0,24,25,25
56,0,25,25,24
57,0,25,24,23
58,0,22,23,23
59,0,25,24,23
60,0,23,24,24
61,0,23,22,24
62,0,23,23,22
63,0,26,26,25
0,1,25,23,24
1,1,23,23,22
2,1,23,24,24
3,1,25,23,25
4,1,23,24,23
5,1,23,24,22
6,1,23,23,22
7,1,23,25,23
8,1,26,25,25
9,1,23,22,24
10,1,23,22,23
11,1,26,26,26
12,1,25,25,24
13,1,23,23,23
14,1,25,24,24
15,1,24,25,26
16,1,23,23,23
17,1,26,24,24
18,1,26,24,25
19,1,26,27,26
20,1,25,25,22
21,1,26,26,25
22,1,27,26,27
23,1,25,25,26
24,1,25,24,24
25,1,25,25,26
26,1,24,25,24
27,1,23,26,24
28,1,25,26,25
29,1,26,25,25
30,1,27,26,26
31,1,22,24,23
32,1,24,24,24
33,1,25,23,25
34,1,25,24,24
35,1,23,24,23
36,1,23,23,23
37,1,23,22,24
38,1,24,23,23
39,1,23,23,23
40,1,23,21,21
41,1,25,24,24
42,1,22,23,21
43,1,22,23,23
44,1,24,24,23
45,1,26,26,25
46,1,24,24,25
47,1,23,23,22
48,1,25,23,24
49,1,23,22,22
50,1,24,23,23
51,1,24,24,24
52,1,21,21,22
53,1,26,24,25
54,1,25,26,25
55,1,24,25,23
56,1,25,26,26
57,1,25,24,26
58,1,22,24,23
59,1,25,23,24
60,1,24,25,24
61,1,23,22,22
62,1,23,22,21
63,1,26,25,25
0,2,25,25,24
1,2,23,25,25
2,2,26,27,26
3,2,26,26,25
4,2,25,24,25
5,2,25,23,24
6,2,25,25,25
7,2,23,23,23
8,2,24,25,23
9,2,23,24,24
10,2,25,25,25
11,2,27,27,27
12,2,25,26,26
13,2,23,23,23
14,2,24,23,24
15,2,24,24,23
16,2,22,24,22
17,2,24,24,23
18,2,23,25,22
19,2,25,24,24
20,2,25,26,25
21,2,26,26,27
22,2,26,26,25
23,2,27,26,25
24,2,24,26,25
25,2,26,26,26
26,2,25,25,24
27,2,24,23,23
28,2,25,26,26
29,2,27,28,27
30,2,26,27,25
31,2,21,22,23
32,2,21,22,23
33,2,24,24,24
34,2,25,26,27
35,2,25,26,26
36,2,26,26,25
37,2,24,23,24
38,2,24,24,24
39,2,26,25,24
40,2,25,25,23
41,2,24,26,24
42,2,25,26,26
43,2,25,26,26
44,2,26,26,25
45,2,27,27,26
46,2,28,28,26
47,2,26,25,25
48,2,23,23,24
49,2,23,23,25
50,2,24,25,24
51,2,24,24,24
52,2,25,25,25
53,2,24,23,24
54,2,27,24,26
55,2,27,27,28
56,2,22,25,25
57,2,24,25,23
58,2,24,23,24
59,2,24,24,24
60,2,23,23,23
61,2,24,25,23
62,2,22,23,24
63,2,24,26,25
0,3,23,24,25
1,3,26,28,25
2,3,26,25,24
3,3,27,26,26
4,3,27,26,25
5,3,25,25,24
6,3,24,24,24
7,3,23,24,23
8,3,23,23,25
9,3,24,24,23
10,3,25,26,25
11,3,22,22,23
12,3,24,23,22
13,3,22,22,22
14,3,22,23,22
15,3,22,24,23
16,3,23,25,24
17,3,25,26,24
18,3,24,23,23
19,3,21,21,21
20,3,22,22,22
21,3,24,23,23
22,3,24,25,24
23,3,25,24,23
24,3,25,23,22
25,3,24,23,24
26,3,23,25,24
27,3,25,24,23
28,3,27,26,26
29,3,26,26,25
30,3,23,26,23
31,3,23,24,22
32,3,22,22,21
33,3,22,24,23
34,3,26,26,26
35,3,27,27,27
36,3,27,26,25
37,3,25,25,25
38,3,23,24,23
39,3,24,25,24
40,3,24,24,23
41,3,23,22,22
42,3,23,24,24
43,3,25,25,25
44,3,28,28,27
45,3,27,27,27
46,3,25,26,26
47,3,25,25,24
48,3,23,24,24
49,3,24,25,25
50,3,24,24,23
51,3,24,23,23
52,3,25,24,24
53,3,24,23,22
54,3,24,24,24
55,3,25,26,25
56,3,24,25,24
57,3,22,22,21
58,3,22,22,22
59,3,23,24,22
60,3,23,24,24
61,3,23,23,24
62,3,25,23,23
63,3,25,26,25
0,4,24,23,24
1,4,21,21,22
2,4,24,24,24
3,4,26,27,25
4,4,26,27,26
5,4,25,25,25
6,4,24,25,23
7,4,23,24,24
8,4,26,26,26
9,4,25,26,26
10,4,24,25,26
11,4,24,23,23
12,4,23,24,24
13,4,25,24,23
14,4,24,24,24
15,4,21,22,21
16,4,23,22,22
17,4,27,25,25
18,4,23,24,23
19,4,23,23,23
20,4,24,24,24
21,4,23,24,23
22,4,24,23,24
23,4,21,21,21
24,4,24,23,24
25,4,24,25,24
26,4,28,27,25
27,4,28,27,28
28,4,26,27,26
29,4,25,25,24
30,4,25,26,24
31,4,25,26,26
32,4,24,23,24
33,4,24,25,24
34,4,26,24,24
35,4,25,27,26
36,4,26,25,25
37,4,25,25,24
38,4,24,24,23
39,4,26,25,24
40,4,25,25,25
41,4,25,25,24
42,4,20,21,21
43,4,21,22,20
44,4,21,22,22
45,4,25,24,25
46,4,24,24,23
47,4,25,26,25
48,4,24,23,25
49,4,23,25,23
50,4,22,21,22
51,4,23,25,24
52,4,23,24,23
53,4,24,25,24
54,4,26,25,24
55,4,23,25,25
56,4,24,25,25
57,4,25,26,24
58,4,25,25,24
59,4,23,25,23
60,4,21,23,22
61,4,23,22,22
62,4,22,23,22
63,4,24,23,24
0,5,21,24,22
1,5,23,23,22
2,5,25,26,26
3,5,24,26,25
4,5,24,25,23
5,5,24,24,23
6,5,24,25,23
7,5,23,24,24
8,5,23,24,23
9,5,25,25,25
10,5,22,22,23
11,5,23,23,22
12,5,25,24,23
13,5,22,24,23
14,5,23,24,23
15,5,23,25,24
16,5,23,23,22
17,5,25,25,24
18,5,24,25,24
19,5,25,25,25
20,5,23,23,22
21,5,24,25,24
22,5,23,24,24
23,5,22,22,23
24,5,27,27,26
25,5,25,26,26
26,5,26,27,25
27,5,24,25,25
28,5,25,24,24
29,5,26,23,24
30,5,25,26,26
31,5,22,24,22
32,5,25,24,23
33,5,24,24,23
34,5,24,25,25
35,5,25,24,25
36,5,25,24,25
37,5,25,25,26
38,5,26,27,26
39,5,23,24,21
40,5,27,27,25
41,5,27,26,26
42,5,23,24,22
43,5,21,23,21
44,5,23,23,20
45,5,22,21,21
46,5,24,23,24
47,5,21,22,21
48,5,26,26,26
49,5,23,25,22
50,5,22,23,24
51,5,23,22,24
52,5,23,24,23
53,5,23,24,24
54,5,25,25,25
55,5,27,27,26
56,5,26,25,25
57,5,29,30,29
58,5,29,27,28
59,5,26,28,26
60,5,26,26,26
61,5,25,25,24
62,5,25,25,26
63,5,26,25,25
0,6,23,24,23
1,6,22,23,23
2,6,22,24,22
3,6,23,23,23
4,6,24,23,24
5,6,24,23,23
6,6,23,23,22
7,6,24,24,24
8,6,24,25,24
9,6,25,26,25
10,6,23,25,23
11,6,23,22,22
12,6,25,25,27
13,6,26,25,25
14,6,25,25,25
15,6,26,26,25
16,6,26,28,24
17,6,24,22,23
18,6,21,23,23
19,6,24,23,23
20,6,22,23,23
21,6,23,22,22
22,6,26,26,24
23,6,24,26,27
24,6,25,26,25
25,6,25,25,25
26,6,23,24,24
27,6,23,24,24
28,6,24,25,24
29,6,24,24,24
30,6,23,24,24
31,6,24,24,23
32,6,23,23,23
33,6,23,22,24
34,6,27,26,25
35,6,25,24,24
36,6,24,23,24
37,6,26,27,27
38,6,25,25,25
39,6,25,25,23
40,6,27,24,24
41,6,24,23,24
42,6,27,27,28
43,6,29,27,28
44,6,25,24,25
45,6,24,23,22
46,6,21,24,23
47,6,22,22,22
48,6,26,25,26
49,6,25,25,25
50,6,23,23,25
51,6,23,23,22
52,6,22,23,23
53,6,22,23,23
54,6,24,24,25
55,6,24,25,25
56,6,22,22,22
57,6,27,27,27
58,6,23,25,25
59,6,21,21,21
60,6,24,23,25
61,6,25,24,24
62,6,25,24,24
63,6,26,28,26
0,7,24,25,25
1,7,23,23,24
2,7,23,23,23
3,7,23,22,23
4,7,26,26,24
5,7,25,24,23
6,7,23,22,22
7,7,24,24,22
8,7,28,28,29
9,7,26,25,25
10,7,22,22,22
11,7,23,23,22
12,7,25,23,24
13,7,25,26,25
14,7,24,25,25
15,7,25,24,23
16,7,26,26,26
17,7,25,26,26
18,7,26,25,25
19,7,23,23,22
20,7,24,24,24
21,7,23,24,22
22,7,25,25,24
23,7,25,28,26
24,7,23,23,21
25,7,24,23,22
26,7,22,23,23
27,7,26,24,26
28,7,27,26,26
29,7,22,22,22
30,7,22,22,20
31,7,22,23,24
32,7,23,23,24
33,7,23,24,24
34,7,24,25,24
35,7,24,24,23
36,7,25,24,24
37,7,23,24,22
38,7,24,25,24
39,7,25,25,25
40,7,25,25,24
41,7,22,21,22
42,7,22,23,23
43,7,27,25,25
44,7,24,24,26
45,7,23,23,23
46,7,24,25,24
47,7,28,27,27
48,7,22,24,26
49,7,25,24,23
50,7,21,22,22
51,7,23,21,23
52,7,25,26,24
53,7,22,23,23
54,7,22,22,24
55,7,23,25,23
56,7,21,20,20
57,7,22,24,25
58,7,23,24,22
59,7,18,19,20
60,7,20,21,20
61,7,22,20,21
62,7,25,25,24
63,7,26,26,26
0,8,26,26,24
1,8,24,24,25
2,8,23,24,24
3,8,26,26,25
4,8,26,27,26
5,8,27,26,26
6,8,23,23,24
7,8,24,25,24
8,8,28,28,28
9,8,26,26,25
10,8,22,24,23
11,8,24,23,23
12,8,24,25,24
13,8,23,24,24
14,8,25,26,26
15,8,24,27,26
16,8,27,27,27
17,8,25,27,25
18,8,22,22,22
19,8,22,24,23
20,8,22,23,23
21,8,24,25,25
22,8,24,24,24
23,8,22,21,22
24,8,27,25,26
25,8,25,28,26
26,8,21,21,21
27,8,22,22,22
28,8,23,23,23
29,8,25,25,25
30,8,24,24,24
31,8,22,23,21
32,8,24,26,25
33,8,25,25,24
34,8,26,26,26
35,8,25,26,25
36,8,24,25,25
37,8,23,24,23
38,8,25,25,24
39,8,25,24,24
40,8,26,26,25
41,8,25,25,26
42,8,26,27,26
43,8,32,29,30
44,8,27,28,28
45,8,25,25,24
46,8,25,24,23
47,8,26,27,25
48,8,26,26,27
49,8,26,27,27
50,8,23,23,24
51,8,26,25,25
52,8,23,24,23
53,8,22,22,22
54,8,20,21,21
55,8,24,24,23
56,8,24,26,25
57,8,25,26,25
58,8,25,23,24
59,8,24,25,25
60,8,25,25,24
61,8,26,26,25
62,8,25,23,22
63,8,26,27,28
0,9,24,25,25
1,9,23,24,25
2,9,23,23,22
3,9,25,23,24
4,9,25,27,24
5,9,26,25,24
6,9,25,26,25
7,9,26,27,25
8,9,28,27,26
9,9,23,22,24
10,9,23,22,22
11,9,25,23,24
12,9,24,24,24
13,9,25,25,25
14,9,29,30,29
15,9,29,28,29
16,9,27,27,27
17,9,24,25,24
18,9,23,23,23
19,9,26,25,26
20,9,26,28,26
21,9,25,24,24
22,9,24,23,23
23,9,25,25,24
24,9,25,26,24
25,9,26,24,24
26,9,23,22,23
27,9,21,21,21
28,9,23,23,23
29,9,23,25,24
30,9,24,26,25
31,9,23,25,24
32,9,23,25,24
33,9,25,24,24
34,9,25,26,25
35,9,27,26,25
36,9,24,24,24
37,9,24,24,24
38,9,25,25,26
39,9,23,25,24
40,9,24,24,23
41,9,24,25,24
42,9,26,26,26
43,9,27,26,26
44,9,22,22,22
45,9,24,23,23
46,9,22,22,24
47,9,22,22,22
48,9,25,26,25
49,9,22,24,24
50,9,26,26,24
51,9,25,25,26
52,9,22,24,23
53,9,24,24,25
54,9,25,25,25
55,9,23,24,25
56,9,25,24,24
57,9,25,26,26
58,9,22,22,22
59,9,21,22,21
60,9,23,24,23
61,9,23,23,22
62,9,23,24,22
63,9,26,28,27
0,10,26,25,25
1,10,25,25,25
2,10,24,23,24
3,10,24,25,24
4,10,23,23,23
5,10,25,26,24
6,10,25,27,27
7,10,26,25,26
8,10,24,25,24
9,10,23,22,22
10,10,22,22,22
11,10,21,22,23
12,10,24,24,23
13,10,24,26,25
14,10,25,26,27
15,10,21,20,21
16,10,23,25,24
17,10,25,26,25
18,10,25,25,24
19,10,28,27,26
20,10,25,25,25
21,10,23,24,23
22,10,24,23,24
23,10,23,24,23
24,10,23,24,23
25,10,22,23,24
26,10,23,24,24
27,10,24,23,22
28,10,25,23,24
29,10,26,25,26
30,10,26,26,25
31,10,25,25,26
32,10,22,23,22
33,10,23,24,23
34,10,23,22,22
35,10,23,22,22
36,10,24,24,25
37,10,26,26,26
38,10,23,23,23
39,10,23,24,23
40,10,23,21,21
41,10,25,26,26
42,10,23,24,23
43,10,21,22,20
44,10,22,22,22
45,10,27,28,27
46,10,25,26,24
47,10,23,22,23
48,10,25,23,23
49,10,22,22,21
50,10,25,25,24
51,10,25,25,25
52,10,23,23,22
53,10,23,25,25
54,10,25,24,25
55,10,25,25,26
56,10,23,25,24
57,10,25,24,23
58,10,22,21,23
59,10,22,22,21
60,10,23,23,24
61,10,23,22,23
62,10,24,23,23
63,10,27,28,27
0,11,26,26,27
1,11,24,25,23
2,11,25,25,25
3,11,24,24,23
4,11,21,22,21
5,11,21,19,20
6,11,23,24,22
7,11,23,23,23
8,11,26,26,24
9,11,26,27,25
10,11,23,22,22
11,11,22,22,22
12,11,22,22,22
13,11,23,23,22
14,11,22,24,22
15,11,21,21,20
16,11,22,23,23
17,11,23,23,23
18,11,24,24,22
19,11,24,23,24
20,11,22,23,22
21,11,24,23,23
22,11,24,25,24
23,11,26,26,25
24,11,23,24,23
25,11,27,26,27
26,11,26,26,25
27,11,25,25,25
28,11,23,24,21
29,11,23,23,23
30,11,23,23,21
31,11,24,23,23
32,11,24,27,24
33,11,24,25,24
34,11,25,24,24
35,11,24,24,25
36,11,27,28,29
37,11,26,25,24
38,11,19,20,21
39,11,23,24,23
40,11,24,25,24
41,11,26,26,26
42,11,23,25,24
43,11,23,23,23
44,11,23,23,23
45,11,23,25,24
46,11,24,26,24
47,11,25,25,23
48,11,23,24,23
49,11,25,26,25
50,11,25,25,25
51,11,24,24,23
52,11,24,24,23
53,11,22,22,22
54,11,22,22,22
55,11,24,23,24
56,11,26,25,23
57,11,25,24,25
58,11,25,25,25
59,11,23,25,25
60,11,25,24,24
61,11,26,25,25
62,11,24,23,24
63,11,24,25,22
0,12,25,24,25
1,12,25,25,24
2,12,25,27,25
3,12,23,26,24
4,12,24,24,24
5,12,23,23,22
6,12,21,20,21
7,12,22,22,22
8,12,25,26,26
9,12,24,25,25
10,12,26,26,25
11,12,25,25,25
12,12,23,23,24
13,12,24,23,24
14,12,22,21,22
15,12,24,25,24
16,12,24,24,23
17,12,23,23,23
18,12,24,24,24
19,12,25,23,23
20,12,24,23,24
21,12,25,24,24
22,12,22,21,21
23,12,23,24,22
24,12,24,23,23
25,12,25,25,24
26,12,26,25,25
27,12,26,25,25
28,12,25,25,24
29,12,22,23,23
30,12,23,24,22
31,12,23,22,23
32,12,24,23,23
33,12,25,25,26
34,12,28,28,28
35,12,26,27,26
36,12,27,28,27
37,12,24,23,24
38,12,22,21,21
39,12,25,24,23
40,12,22,21,21
41,12,22,23,23
42,12,25,24,23
43,12,23,24,23
44,12,21,21,21
45,12,21,20,22
46,12,24,23,23
47,12,26,27,26
48,12,27,27,26
49,12,25,25,25
50,12,27,25,25
51,12,26,26,25
52,12,27,26,26
53,12,26,25,25
54,12,25,26,25
55,12,23,22,22
56,12,22,23,23
57,12,25,28,27
58,12,26,24,25
59,12,23,23,22
60,12,23,23,23
61,12,26,25,25
62,12,25,25,24
63,12,21,22,22
0,13,26,25,26
1,13,25,25,25
2,13,28,27,28
3,13,28,28,27
4,13,27,26,24
5,13,24,24,25
6,13,23,24,23
7,13,24,24,24
8,13,25,23,24
9,13,25,26,25
10,13,25,27,26
11,13,24,25,25
12,13,27,27,25
13,13,23,26,24
14,13,25,23,23
15,13,26,24,23
16,13,26,25,25
17,13,26,26,25
18,13,26,25,26
19,13,25,24,25
20,13,23,24,22
21,13,23,23,23
22,13,24,23,23
23,13,25,25,24
24,13,28,28,27
25,13,24,24,26
26,13,24,23,23
27,13,24,24,23
28,13,22,23,22
29,13,23,25,26
30,13,26,27,27
31,13,24,24,24
32,13,24,23,24
33,13,27,28,26
34,13,27,27,27
35,13,23,23,24
36,13,21,23,21
37,13,24,24,21
38,13,23,22,22
39,13,23,23,24
40,13,22,20,21
41,13,22,22,22
42,13,25,25,24
43,13,25,25,24
44,13,21,23,22
45,13,23,23,23
46,13,25,24,25
47,13,25,25,25
48,13,24,24,24
49,13,21,22,21
50,13,23,25,24
51,13,27,26,25
52,13,25,25,24
53,13,24,25,24
54,13,29,29,29
55,13,25,25,23
56,13,26,25,24
57,13,26,26,25
58,13,23,24,25
59,13,23,25,24
60,13,24,23,25
61,13,23,24,23
62,13,26,24,27
63,13,24,24,24
0,14,25,25,26
1,14,27,26,25
2,14,28,29,30
3,14,28,28,27
4,14,24,23,23
5,14,21,22,21
6,14,23,24,24
7,14,27,27,27
8,14,25,26,25
9,14,24,24,24
10,14,22,23,22
11,14,22,22,23
12,14,25,25,25
13,14,27,27,27
14,14,23,24,23
15,14,21,21,21
16,14,23,23,24
17,14,25,24,25
18,14,24,25,25
19,14,25,24,24
20,14,24,25,24
21,14,24,24,24
22,14,25,24,23
23,14,21,23,22
24,14,27,27,28
25,14,24,25,23
26,14,20,22,22
27,14,22,21,22
28,14,22,24,23
29,14,24,23,23
30,14,25,25,24
31,14,26,25,25
32,14,26,28,27
33,14,24,25,25
34,14,23,25,23
35,14,24,25,23
36,14,25,25,25
37,14,25,25,24
38,14,23,23,24
39,14,21,20,20
40,14,24,24,24
41,14,22,24,23
42,14,26,27,25
43,14,25,25,26
44,14,23,24,23
45,14,24,23,23
46,14,22,24,22
47,14,23,22,23
48,14,21,21,19
49,14,21,19,19
50,14,23,24,25
51,14,25,25,24
52,14,19,19,18
53,14,18,18,18
54,14,25,27,27
55,14,23,23,24
56,14,26,25,27
57,14,25,26,26
58,14,27,27,26
59,14,25,25,25
60,14,25,25,25
61,14,25,24,24
62,14,25,25,25
63,14,21,23,23
0,15,24,24,24
1,15,26,27,26
2,15,25,26,26
3,15,22,22,22
4,15,24,23,23
5,15,25,26,24
6,15,25,26,25
7,15,25,26,25
8,15,23,26,24
9,15,24,23,24
10,15,23,24,24
11,15,21,21,22
12,15,23,24,25
13,15,25,24,26
14,15,24,23,23
15,15,22,23,21
16,15,25,25,24
17,15,24,26,23
18,15,25,25,25
19,15,25,26,25
20,15,28,26,26
21,15,23,24,24
22,15,23,24,23
23,15,22,23,23
24,15,24,24,25
25,15,22,23,23
26,15,23,26,25
27,15,26,26,25
28,15,26,24,25
29,15,25,25,23
30,15,24,23,25
31,15,23,24,24
32,15,27,27,26
33,15,29,28,28
34,15,25,26,26
35,15,25,26,23
36,15,25,25,23
37,15,24,26,25
38,15,23,25,25
39,15,24,26,24
40,15,27,27,25
41,15,23,23,23
42,15,23,24,23
43,15,26,25,26
44,15,26,25,25
45,15,24,25,24
46,15,23,23,22
47,15,22,23,23
48,15,24,24,24
49,15,22,24,22
50,15,26,26,27
51,15,26,27,26
52,15,25,23,24
53,15,20,20,20
54,15,23,23,23
55,15,28,28,27
56,15,25,24,26
57,15,25,25,24
58,15,25,25,25
59,15,25,25,25
60,15,26,26,26
61,15,26,26,25
62,15,26,26,24
63,15,24,26,24
0,16,26,25,25
1,16,23,24,24
2,16,24,24,24
3,16,24,24,24
4,16,25,26,26
5,16,27,26,24
6,16,27,26,25
7,16,24,25,25
8,16,25,25,24
9,16,24,25,24
10,16,24,24,24
11,16,27,26,26
12,16,27,27,28
13,16,26,27,27
14,16,27,26,26
15,16,24,24,24
16,16,25,24,25
17,16,23,25,22
18,16,23,25,24
19,16,24,25,24
20,16,26,27,27
21,16,28,27,27
22,16,25,23,24
23,16,24,25,23
24,16,20,21,21
25,16,25,25,25
26,16,24,24,23
27,16,22,21,21
28,16,24,25,25
29,16,25,25,25
30,16,25,24,23
31,16,26,25,25
32,16,24,24,23
33,16,26,26,25
34,16,26,26,25
35,16,25,26,25
36,16,26,25,24
37,16,27,26,25
38,16,26,27,26
39,16,25,26,24
40,16,26,27,26
41,16,25,26,25
42,16,23,25,24
43,16,23,24,22
44,16,24,21,22
45,16,24,23,23
46,16,24,23,23
47,16,24,25,24
48,16,25,23,25
49,16,23,23,23
50,16,23,24,24
51,16,22,21,21
52,16,25,25,23
53,16,23,22,22
54,16,25,25,24
55,16,24,25,23
56,16,26,26,27
57,16,27,27,27
58,16,27,26,25
59,16,25,26,24
60,16,26,25,26
61,16,27,28,27
62,16,25,25,23
63,16,25,24,25
0,17,24,23,25
1,17,26,25,25
2,17,25,25,24
3,17,25,25,25
4,17,25,25,25
5,17,24,25,25
6,17,24,24,24
7,17,25,26,24
8,17,24,23,24
9,17,22,22,22
10,17,27,24,24
11,17,24,24,24
12,17,25,26,24
13,17,25,24,24
14,17,24,26,22
15,17,22,23,21
16,17,25,27,26
17,17,27,24,26
18,17,23,24,23
19,17,19,22,22
20,17,24,24,23
21,17,26,26,26
22,17,26,29,26
23,17,26,24,25
24,17,23,24,23
25,17,24,24,22
26,17,23,21,22
27,17,25,24,24
28,17,24,25,26
29,17,24,25,25
30,17,26,24,25
31,17,25,24,24
32,17,27,27,26
33,17,24,25,24
34,17,24,24,23
35,17,21,22,21
36,17,22,22,23
37,17,24,26,26
38,17,27,27,26
39,17,26,28,25
40,17,25,25,26
41,17,23,24,25
42,17,25,25,25
43,17,27,26,27
44,17,24,25,24
45,17,25,25,24
46,17,25,24,25
47,17,24,24,24
48,17,25,24,25
49,17,24,24,23
50,17,25,25,24
51,17,25,24,24
52,17,22,22,21
53,17,23,25,22
54,17,24,23,22
55,17,23,24,22
56,17,27,27,27
57,17,27,28,28
58,17,27,26,26
59,17,25,26,26
60,17,25,26,25
61,17,23,22,23
62,17,23,22,22
63,17,21,22,22
0,18,23,23,23
1,18,24,23,24
2,18,23,23,24
3,18,26,25,25
4,18,27,26,26
5,18,23,24,23
6,18,23,23,23
7,18,26,25,24
8,18,26,26,26
9,18,23,24,25
10,18,25,25,25
11,18,24,24,23
12,18,23,23,24
13,18,26,26,26
14,18,23,24,24
15,18,23,22,23
16,18,22,24,24
17,18,24,24,24
18,18,24,25,26
19,18,22,24,23
20,18,21,22,22
21,18,23,24,24
22,18,23,23,24
23,18,25,26,25
24,18,28,27,27
25,18,24,26,24
26,18,25,26,25
27,18,26,26,24
28,18,26,24,24
29,18,25,24,24
30,18,23,23,24
31,18,24,22,23
32,18,25,25,27
33,18,23,24,23
34,18,24,23,23
35,18,22,22,22
36,18,23,23,22
37,18,24,25,26
38,18,25,23,24
39,18,24,26,24
40,18,25,25,25
41,18,25,25,24
42,18,26,26,25
43,18,26,24,25
44,18,24,24,24
45,18,25,25,25
46,18,25,25,25
47,18,26,26,25
48,18,26,26,25
49,18,23,26,24
50,18,24,25,25
51,18,26,27,25
52,18,24,24,23
53,18,26,27,26
54,18,24,24,24
55,18,24,25,23
56,18,21,21,21
57,18,22,23,22
58,18,23,24,24
59,18,24,23,23
60,18,24,26,25
61,18,25,27,26
62,18,24,24,23
63,18,21,25,23
0,19,21,20,20
1,19,20,21,21
2,19,21,23,21
3,19,20,21,20
4,19,22,21,22
5,19,20,19,20
6,19,21,21,22
7,19,22,22,22
8,19,25,26,25
9,19,24,25,24
10,19,23,22,23
11,19,22,24,24
12,19,25,25,24
13,19,25,27,26
14,19,24,24,23
15,19,24,24,24
16,19,22,21,21
17,19,24,24,22
18,19,23,25,24
19,19,24,24,25
20,19,25,23,25
21,19,24,22,23
22,19,24,25,24
23,19,24,25,24
24,19,24,25,24
25,19,25,26,25
26,19,27,26,28
27,19,24,24,24
28,19,23,22,22
29,19,23,23,23
30,19,23,23,23
31,19,22,22,22
32,19,24,25,24
33,19,24,24,24
34,19,22,23,23
35,19,22,24,22
36,19,23,24,23
37,19,24,25,25
38,19,25,25,24
39,19,22,23,22
40,19,24,25,24
41,19,25,25,25
42,19,24,24,23
43,19,22,23,22
44,19,23,22,22
45,19,25,24,23
46,19,25,26,24
47,19,26,26,25
48,19,23,22,22
49,19,21,22,21
50,19,25,25,24
51,19,24,24,24
52,19,24,24,24
53,19,23,25,24
54,19,23,24,24
55,19,23,24,24
56,19,20,22,22
57,19,23,23,23
58,19,23,24,24
59,19,24,25,23
60,19,26,26,26
61,19,26,27,27
62,19,23,26,24
63,19,25,25,25
0,20,24,23,23
1,20,24,22,22
2,20,25,25,24
3,20,23,24,24
4,20,25,26,25
5,20,25,25,26
6,20,25,25,24
7,20,21,21,24
8,20,22,20,20
9,20,21,21,20
10,20,20,21,20
11,20,23,24,24
12,20,24,25,23
13,20,23,23,23
14,20,22,23,22
15,20,26,26,25
16,20,23,23,22
17,20,26,25,25
18,20,24,26,27
19,20,24,26,24
20,20,25,26,25
21,20,26,27,25
22,20,24,24,25
23,20,25,23,24
24,20,25,24,24
25,20,24,24,24
26,20,24,25,25
27,20,24,24,22
28,20,23,23,22
29,20,23,24,24
30,20,23,24,23
31,20,22,24,23
32,20,25,23,24
33,20,25,25,24
34,20,23,23,24
35,20,25,25,24
36,20,26,26,26
37,20,23,23,23
38,20,21,22,21
39,20,22,22,22
40,20,24,25,24
41,20,25,26,26
42,20,25,25,24
43,20,23,23,24
44,20,27,26,26
45,20,22,23,24
46,20,26,25,25
47,20,25,24,24
48,20,22,23,24
49,20,24,23,23
50,20,24,25,24
51,20,21,23,23
52,20,21,22,22
53,20,24,23,23
54,20,25,25,25
55,20,24,24,24
56,20,26,25,26
57,20,25,26,25
58,20,24,23,24
59,20,24,24,22
60,20,24,23,25
61,20,26,24,26
62,20,25,24,22
63,20,23,23,23
0,21,27,28,26
1,21,25,26,25
2,21,19,20,19
3,21,21,24,23
4,21,26,26,26
5,21,26,26,26
6,21,27,27,26
7,21,25,27,26
8,21,23,24,24
9,21,23,23,25
10,21,25,25,26
11,21,22,23,22
12,21,24,23,23
13,21,25,24,24
14,21,23,23,23
15,21,23,26,24
16,21,24,25,23
17,21,26,27,26
18,21,26,26,25
19,21,23,24,23
20,21,24,24,22
21,21,22,24,24
22,21,24,24,24
23,21,22,23,21
24,21,28,28,26
25,21,26,27,25
26,21,24,25,24
27,21,24,24,23
28,21,24,25,26
29,21,27,26,28
30,21,24,23,23
31,21,23,23,22
32,21,22,23,23
33,21,24,25,24
34,21,24,23,25
35,21,25,26,25
36,21,24,24,23
37,21,22,22,21
38,21,20,22,21
39,21,22,21,21
40,21,23,24,25
41,21,27,27,26
42,21,26,27,26
43,21,26,27,26
44,21,26,26,25
45,21,23,25,24
46,21,24,24,24
47,21,25,26,25
48,21,27,26,27
49,21,25,25,26
50,21,28,28,25
51,21,25,26,25
52,21,22,23,21
53,21,25,24,26
54,21,25,24,24
55,21,23,23,24
56,21,25,25,25
57,21,25,26,25
58,21,25,26,25
59,21,23,24,24
60,21,25,23,24
61,21,25,25,24
62,21,24,24,25
63,21,21,23,22
0,22,23,24,22
1,22,24,23,23
2,22,21,23,20
3,22,25,25,23
4,22,25,24,23
5,22,23,24,24
6,22,24,25,24
7,22,25,26,23
8,22,24,24,23
9,22,27,27,27
10,22,27,26,27
11,22,20,21,20
12,22,23,22,23
13,22,25,26,23
14,22,22,22,23
15,22,22,23,23
16,22,24,25,24
17,22,23,23,23
18,22,22,24,24
19,22,24,24,23
20,22,23,22,24
21,22,25,25,26
22,22,23,25,23
23,22,24,25,22
24,22,23,25,24
25,22,25,23,24
26,22,24,23,24
27,22,24,24,23
28,22,25,26,27
29,22,27,28,28
30,22,24,24,23
31,22,23,24,25
32,22,22,23,22
33,22,26,26,25
34,22,25,24,26
35,22,25,24,25
36,22,25,24,24
37,22,21,21,21
38,22,25,24,25
39,22,24,24,24
40,22,26,25,24
41,22,25,26,26
42,22,24,24,25
43,22,24,26,24
44,22,25,27,25
45,22,22,22,23
46,22,26,24,24
47,22,23,24,24
48,22,26,26,27
49,22,26,24,24
50,22,25,26,25
51,22,23,22,23
52,22,22,24,23
53,22,24,26,24
54,22,24,24,26
55,22,24,23,24
56,22,27,27,26
57,22,25,26,26
58,22,24,25,24
59,22,24,24,23
60,22,25,24,26
61,22,26,27,26
62,22,24,25,24
63,22,25,26,26
0,23,22,22,22
1,23,27,27,28
2,23,29,30,29
3,23,24,24,24
4,23,23,23,23
5,23,23,23,24
6,23,25,26,25
7,23,25,25,23
8,23,25,26,25
9,23,24,25,23
10,23,24,25,25
11,23,21,21,20
12,23,22,21,21
13,23,24,24,24
14,23,21,23,22
15,23,20,20,19
16,23,25,25,25
17,23,26,27,25
18,23,25,26,26
19,23,26,25,24
20,23,26,26,25
21,23,27,27,26
22,23,26,27,27
23,23,24,24,24
24,23,25,25,24
25,23,23,24,24
26,23,24,25,26
27,23,25,25,24
28,23,22,22,24
29,23,23,25,26
30,23,22,23,24
31,23,23,23,22
32,23,26,25,25
33,23,24,24,26
34,23,25,25,25
35,23,25,24,25
36,23,23,23,23
37,23,23,24,23
38,23,25,26,26
39,23,24,26,26
40,23,24,23,23
41,23,23,22,23
42,23,24,25,23
43,23,24,23,21
44,23,25,25,25
45,23,22,25,24
46,23,26,28,27
47,23,26,26,26
48,23,26,24,25
49,23,26,24,23
50,23,23,24,24
51,23,23,23,24
52,23,27,27,27
53,23,25,26,26
54,23,26,26,26
55,23,24,24,25
56,23,28,27,28
57,23,26,25,26
58,23,23,25,24
59,23,25,23,24
60,23,22,22,21
61,23,24,24,23
62,23,25,26,25
63,23,24,24,25
0,24,23,23,23
1,24,25,27,26
2,24,27,27,26
3,24,26,26,26
4,24,24,25,26
5,24,24,23,24
6,24,23,24,25
7,24,25,25,24
8,24,24,26,24
9,24,25,26,25
10,24,22,25,24
11,24,25,25,26
12,24,24,26,26
13,24,25,23,24
14,24,27,27,26
15,24,24,25,25
16,24,26,24,24
17,24,23,23,24
18,24,20,21,22
19,24,22,25,25
20,24,26,27,27
21,24,24,24,23
22,24,23,23,24
23,24,23,23,22
24,24,24,25,25
25,24,25,25,25
26,24,22,22,24
27,24,24,26,26
28,24,25,25,25
29,24,24,24,25
30,24,23,23,23
31,24,21,23,24
32,24,23,23,22
33,24,21,22,20
34,24,23,23,23
35,24,24,25,25
36,24,26,26,26
37,24,28,27,27
38,24,29,28,27
39,24,27,26,25
40,24,25,25,25
41,24,23,23,22
42,24,23,24,24
43,24,23,23,23
44,24,24,24,24
45,24,25,25,24
46,24,26,26,26
47,24,24,25,24
48,24,26,24,25
49,24,24,25,24
50,24,23,25,24
51,24,22,22,21
52,24,24,23,23
53,24,25,26,25
54,24,24,24,23
55,24,25,25,23
56,24,24,25,23
57,24,25,24,24
58,24,23,24,24
59,24,29,27,27
60,24,30,30,28
61,24,23,23,26
62,24,26,25,24
63,24,29,28,28
0,25,25,26,25
1,25,28,26,28
2,25,25,26,24
3,25,23,24,24
4,25,23,23,24
5,25,26,24,24
6,25,25,25,25
7,25,26,25,24
8,25,23,23,25
9,25,25,25,26
10,25,25,26,24
11,25,24,25,25
12,25,25,26,25
13,25,25,26,24
14,25,25,26,24
15,25,26,26,23
16,25,20,22,22
17,25,23,24,23
18,25,21,21,21
19,25,23,23,23
20,25,23,24,25
21,25,25,23,23
22,25,24,23,23
23,25,24,24,24
24,25,25,25,24
25,25,25,26,24
26,25,22,22,23
27,25,25,24,25
28,25,26,29,27
29,25,27,26,24
30,25,24,24,24
31,25,24,26,25
32,25,23,21,23
33,25,21,20,20
34,25,24,23,23
35,25,24,25,24
36,25,26,26,25
37,25,28,27,27
38,25,24,25,25
39,25,21,22,23
40,25,24,24,23
41,25,23,23,24
42,25,25,26,24
43,25,24,25,25
44,25,23,23,23
45,25,22,23,23
46,25,23,24,23
47,25,24,25,23
48,25,23,24,25
49,25,27,26,27
50,25,22,22,23
51,25,21,19,20
52,25,25,26,24
53,25,23,24,23
54,25,23,23,22
55,25,24,25,23
56,25,25,25,26
57,25,24,26,25
58,25,27,25,26
59,25,26,27,25
60,25,23,24,23
61,25,23,23,23
62,25,25,26,25
63,25,25,26,25
0,26,25,25,26
1,26,24,24,25
2,26,23,23,23
3,26,25,24,23
4,26,25,23,23
5,26,27,26,25
6,26,26,26,26
7,26,23,24,22
8,26,21,22,21
9,26,23,24,23
10,26,26,26,26
11,26,28,26,26
12,26,28,29,29
13,26,25,26,25
14,26,24,23,21
15,26,26,25,26
16,26,23,22,22
17,26,25,26,25
18,26,24,24,25
19,26,24,26,25
20,26,24,25,24
21,26,23,24,21
22,26,24,24,23
23,26,29,29,28
24,26,25,25,25
25,26,24,25,23
26,26,24,25,24
27,26,23,25,24
28,26,24,23,24
29,26,25,25,25
30,26,25,25,25
31,26,24,25,26
32,26,27,27,26
33,26,24,24,24
34,26,23,25,24
35,26,23,24,23
36,26,21,22,22
37,26,23,24,23
38,26,23,23,24
39,26,22,23,23
40,26,21,23,23
41,26,23,25,23
42,26,27,27,25
43,26,23,25,25
44,26,24,24,23
45,26,25,26,24
46,26,26,25,27
47,26,24,24,24
48,26,27,26,25
49,26,29,30,28
50,26,24,24,23
51,26,23,23,21
52,26,23,24,23
53,26,25,25,25
54,26,23,24,22
55,26,26,25,24
56,26,23,24,24
57,26,22,23,22
58,26,21,23,23
59,26,25,24,25
60,26,24,24,22
61,26,24,23,21
62,26,27,27,25
63,26,25,24,25
0,27,25,24,24
1,27,23,23,23
2,27,21,23,22
3,27,24,23,23
4,27,23,24,23
5,27,24,26,25
6,27,23,25,23
7,27,24,23,25
8,27,25,24,24
9,27,22,22,23
10,27,25,25,27
11,27,25,25,25
12,27,28,28,27
13,27,25,25,24
14,27,26,25,24
15,27,26,26,24
16,27,25,24,24
17,27,26,25,25
18,27,24,23,24
19,27,24,24,24
20,27,27,26,24
21,27,22,22,22
22,27,22,23,22
23,27,29,29,28
24,27,27,26,25
25,27,26,27,27
26,27,25,25,25
27,27,23,25,24
28,27,22,23,22
29,27,22,23,21
30,27,23,24,23
31,27,24,24,24
32,27,24,25,24
33,27,22,22,23
34,27,25,25,26
35,27,26,26,26
36,27,26,26,25
37,27,25,23,23
38,27,26,26,27
39,27,25,26,26
40,27,23,25,23
41,27,26,26,24
42,27,25,24,25
43,27,21,21,21
44,27,23,21,23
45,27,26,25,25
46,27,23,25,24
47,27,26,24,24
48,27,23,24,22
49,27,25,27,25
50,27,28,26,28
51,27,23,24,23
52,27,23,23,24
53,27,26,26,26
54,27,24,25,23
55,27,23,21,22
56,27,21,23,24
57,27,22,22,21
58,27,21,21,22
59,27,26,26,24
60,27,23,24,24
61,27,24,23,22
62,27,25,26,26
63,27,26,27,27
0,28,26,24,25
1,28,26,27,25
2,28,24,25,24
3,28,24,24,24
4,28,25,26,25
5,28,27,27,27
6,28,24,24,24
7,28,26,26,24
8,28,28,26,26
9,28,27,27,26
10,28,26,27,27
11,28,22,23,22
12,28,24,25,24
13,28,26,25,25
14,28,27,25,26
15,28,22,24,24
16,28,21,19,19
17,28,21,20,22
18,28,20,22,21
19,28,23,25,24
20,28,27,27,26
21,28,24,26,25
22,28,25,27,26
23,28,27,26,25
24,28,26,26,25
25,28,27,27,27
26,28,24,24,25
27,28,24,24,25
28,28,24,25,26
29,28,26,23,24
30,28,23,25,23
31,28,25,25,24
32,28,26,25,26
33,28,28,28,26
34,28,24,24,24
35,28,25,26,25
36,28,26,27,26
37,28,24,23,24
38,28,23,22,22
39,28,22,23,22
40,28,24,23,23
41,28,24,24,24
42,28,22,23,23
43,28,21,21,20
44,28,23,24,23
45,28,27,26,28
46,28,24,27,25
47,28,24,24,25
48,28,24,25,25
49,28,26,27,27
50,28,26,27,26
51,28,25,25,25
52,28,25,24,25
53,28,23,22,24
54,28,24,22,22
55,28,20,21,20
56,28,24,24,24
57,28,25,26,26
58,28,24,25,25
59,28,27,27,25
60,28,24,24,24
61,28,24,24,25
62,28,26,27,25
63,28,27,25,25
0,29,25,24,24
1,29,25,26,26
2,29,26,26,24
3,29,24,25,24
4,29,25,26,27
5,29,26,27,28
6,29,30,29,30
7,29,25,25,26
8,29,25,25,25
9,29,26,26,26
10,29,28,28,26
11,29,25,25,25
12,29,23,23,23
13,29,25,26,26
14,29,26,25,25
15,29,22,22,21
16,29,24,22,23
17,29,24,26,25
18,29,26,25,24
19,29,26,26,26
20,29,26,26,25
21,29,24,25,24
22,29,26,26,25
23,29,26,25,26
24,29,25,27,27
25,29,23,24,23
26,29,24,24,23
27,29,26,26,25
28,29,26,26,26
29,29,26,26,27
30,29,25,25,23
31,29,25,26,25
32,29,29,30,28
33,29,27,28,27
34,29,24,25,24
35,29,24,24,25
36,29,23,24,23
37,29,23,23,24
38,29,27,26,26
39,29,23,24,24
40,29,23,23,22
41,29,23,24,24
42,29,24,24,24
43,29,22,23,21
44,29,24,25,24
45,29,25,26,26
46,29,28,26,25
47,29,26,27,26
48,29,24,24,23
49,29,24,25,24
50,29,23,23,23
51,29,22,22,24
52,29,22,21,23
53,29,23,23,23
54,29,21,21,21
55,29,20,23,22
56,29,24,26,25
57,29,26,26,26
58,29,23,24,23
59,29,26,26,26
60,29,28,26,27
61,29,25,24,24
62,29,26,25,24
63,29,26,24,24
0,30,24,25,25
1,30,26,24,24
2,30,26,25,26
3,30,26,27,26
4,30,27,25,26
5,30,24,25,24
6,30,26,26,24
7,30,24,25,23
8,30,23,25,24
9,30,26,25,26
10,30,24,26,24
11,30,25,25,24
12,30,26,27,26
13,30,24,25,24
14,30,23,25,24
15,30,24,25,24
16,30,26,26,25
17,30,25,24,24
18,30,24,27,25
19,30,25,25,23
20,30,25,24,24
21,30,24,24,25
22,30,25,26,25
23,30,25,26,25
24,30,26,24,24
25,30,22,23,23
26,30,23,24,23
27,30,23,24,23
28,30,23,24,24
29,30,24,23,23
30,30,25,25,25
31,30,24,25,25
32,30,23,24,23
33,30,23,24,24
34,30,26,26,26
35,30,29,26,25
36,30,23,24,24
37,30,24,25,24
38,30,28,27,27
39,30,24,24,25
40,30,24,24,23
41,30,25,25,24
42,30,26,28,27
43,30,26,24,24
44,30,24,23,24
45,30,25,25,26
46,30,25,26,26
47,30,23,23,22
48,30,24,24,25
49,30,24,24,25
50,30,23,25,24
51,30,20,19,22
52,30,24,24,24
53,30,24,24,23
54,30,22,23,23
55,30,22,24,21
56,30,24,25,23
57,30,24,25,23
58,30,23,24,22
59,30,24,25,24
60,30,25,26,25
61,30,24,24,24
62,30,22,23,22
63,30,22,24,23
0,31,22,21,24
1,31,26,26,26
2,31,27,27,27
3,31,24,24,24
4,31,22,23,23
5,31,22,24,23
6,31,21,22,24
7,31,22,23,21
8,31,26,28,28
9,31,25,27,26
10,31,24,24,25
11,31,24,25,25
12,31,25,25,24
13,31,22,23,23
14,31,26,26,26
15,31,26,25,25
16,31,26,25,25
17,31,24,24,24
18,31,23,25,24
19,31,23,22,23
20,31,19,19,20
21,31,23,25,23
22,31,24,25,26
23,31,23,24,22
24,31,23,23,22
25,31,25,25,25
26,31,24,24,24
27,31,25,25,26
28,31,25,24,25
29,31,26,24,23
30,31,25,24,25
31,31,23,22,22
32,31,19,21,21
33,31,23,24,24
34,31,24,25,25
35,31,26,27,26
36,31,27,26,26
37,31,28,28,27
38,31,24,24,24
39,31,24,24,22
40,31,25,25,24
41,31,26,26,25
42,31,25,25,25
43,31,24,24,24
44,31,23,23,23
45,31,24,26,25
46,31,24,24,23
47,31,23,21,24
48,31,24,25,24
49,31,23,24,22
50,31,23,23,22
51,31,24,24,23
52,31,25,24,25
53,31,22,22,20
54,31,21,23,21
55,31,22,23,23
56,31,21,20,19
57,31,24,23,22
58,31,22,21,23
59,31,23,24,25
60,31,24,23,22
61,31,25,25,24
62,31,26,26,25
63,31,23,25,23
0,32,26,26,25
1,32,24,25,23
2,32,26,27,28
3,32,24,25,24
4,32,23,26,25
5,32,27,27,25
6,32,25,25,23
7,32,21,20,21
8,32,24,25,24
9,32,23,24,23
10,32,23,25,23
11,32,25,24,24
12,32,21,22,22
13,32,21,21,21
14,32,23,21,23
15,32,22,24,24
16,32,23,26,23
17,32,22,23,22
18,32,24,24,25
19,32,25,24,25
20,32,24,25,24
21,32,24,23,24
22,32,22,23,22
23,32,28,26,27
24,32,24,25,24
25,32,24,25,25
26,32,25,25,25
27,32,24,23,24
28,32,24,25,25
29,32,25,24,23
30,32,24,23,23
31,32,24,24,24
32,32,24,24,24
33,32,26,25,26
34,32,25,24,25
35,32,24,25,25
36,32,24,26,25
37,32,25,25,24
38,32,24,26,26
39,32,28,28,26
40,32,24,23,24
41,32,20,20,20
42,32,21,22,22
43,32,26,24,24
44,32,26,26,24
45,32,25,25,25
46,32,20,22,21
47,32,22,21,22
48,32,25,25,25
49,32,21,23,22
50,32,21,20,22
51,32,23,25,23
52,32,24,27,26
53,32,24,24,24
54,32,21,22,21
55,32,22,24,20
56,32,24,24,23
57,32,23,24,23
58,32,27,29,27
59,32,25,24,23
60,32,21,22,21
61,32,24,25,24
62,32,22,22,21
63,32,21,23,21
0,33,24,24,25
1,33,23,24,26
2,33,27,28,27
3,33,25,27,27
4,33,26,26,24
5,33,26,24,25
6,33,25,24,25
7,33,25,26,25
8,33,23,23,23
9,33,24,24,25
10,33,21,22,23
11,33,23,23,22
12,33,24,24,25
13,33,25,23,25
14,33,22,22,21
15,33,23,23,22
16,33,24,24,25
17,33,22,24,23
18,33,25,25,24
19,33,23,23,22
20,33,24,22,24
21,33,24,24,24
22,33,23,23,24
23,33,25,25,26
24,33,27,28,27
25,33,27,27,26
26,33,23,25,23
27,33,23,24,25
28,33,23,25,24
29,33,27,27,27
30,33,23,23,23
31,33,23,25,23
32,33,25,25,26
33,33,26,26,26
34,33,27,25,26
35,33,23,24,23
36,33,23,22,22
37,33,26,25,25
38,33,23,24,22
39,33,22,21,22
40,33,23,22,23
41,33,23,21,21
42,33,25,25,24
43,33,25,26,24
44,33,26,26,26
45,33,24,24,25
46,33,23,25,22
47,33,24,23,23
48,33,22,22,23
49,33,24,22,23
50,33,24,23,25
51,33,27,27,29
52,33,29,29,29
53,33,27,26,26
54,33,21,23,23
55,33,22,23,24
56,33,24,23,24
57,33,22,21,22
58,33,25,24,26
59,33,24,23,23
60,33,25,25,24
61,33,26,26,27
62,33,25,27,26
63,33,24,25,24
0,34,25,25,24
1,34,26,27,27
2,34,25,24,23
3,34,27,25,26
4,34,27,27,27
5,34,24,23,24
6,34,24,24,23
7,34,27,26,26
8,34,22,25,23
9,34,23,23,23
10,34,26,26,26
11,34,26,27,25
12,34,25,23,24
13,34,25,26,24
14,34,24,25,24
15,34,23,25,25
16,34,25,25,25
17,34,26,27,24
18,34,25,27,27
19,34,24,23,25
20,34,25,26,23
21,34,26,26,26
22,34,25,26,25
23,34,24,25,23
24,34,24,25,23
25,34,26,25,26
26,34,26,27,26
27,34,26,26,25
28,34,22,22,23
29,34,21,20,22
30,34,21,22,20
31,34,24,22,23
32,34,26,25,25
33,34,25,24,24
34,34,24,27,26
35,34,25,25,25
36,34,24,24,23
37,34,28,27,26
38,34,23,24,23
39,34,21,22,22
40,34,23,25,22
41,34,25,26,27
42,34,27,27,27
43,34,26,26,26
44,34,25,25,24
45,34,25,25,24
46,34,24,23,25
47,34,24,24,23
48,34,24,24,24
49,34,25,25,25
50,34,26,27,28
51,34,26,28,26
52,34,26,27,27
53,34,22,23,24
54,34,23,23,22
55,34,24,25,23
56,34,24,25,23
57,34,21,21,20
58,34,21,22,20
59,34,23,22,24
60,34,25,27,26
61,34,26,26,25
62,34,22,24,24
63,34,26,26,24
0,35,26,26,26
1,35,21,21,19
2,35,21,23,21
3,35,23,23,23
4,35,28,27,26
5,35,26,26,25
6,35,22,23,23
7,35,22,22,21
8,35,25,25,25
9,35,27,26,25
10,35,26,26,26
11,35,27,26,26
12,35,23,26,25
13,35,27,26,25
14,35,29,29,27
15,35,27,27,26
16,35,27,27,24
17,35,26,26,26
18,35,25,25,26
19,35,23,22,24
20,35,23,22,24
21,35,25,25,24
22,35,25,24,24
23,35,22,21,23
24,35,23,23,21
25,35,25,26,23
26,35,25,27,25
27,35,25,24,26
28,35,23,23,23
29,35,19,21,20
30,35,20,20,21
31,35,24,23,23
32,35,23,23,23
33,35,21,23,21
34,35,21,21,23
35,35,26,26,25
36,35,28,27,26
37,35,25,26,24
38,35,24,24,23
39,35,25,24,24
40,35,26,26,25
41,35,25,24,25
42,35,26,26,25
43,35,25,26,26
44,35,24,23,23
45,35,23,24,24
46,35,25,25,24
47,35,24,24,23
48,35,24,22,23
49,35,23,26,24
50,35,24,24,24
51,35,23,22,22
52,35,24,26,24
53,35,24,23,23
54,35,22,23,21
55,35,27,26,25
56,35,24,23,23
57,35,25,25,23
58,35,26,26,24
59,35,23,24,22
60,35,27,26,26
61,35,23,23,24
62,35,24,23,23
63,35,25,26,25
0,36,26,25,25
1,36,23,23,21
2,36,25,23,24
3,36,25,24,24
4,36,24,24,23
5,36,24,24,24
6,36,26,26,24
7,36,24,23,23
8,36,26,27,26
9,36,26,27,24
10,36,26,25,24
11,36,24,24,24
12,36,26,26,27
13,36,28,29,28
14,36,30,29,28
15,36,28,28,27
16,36,24,23,23
17,36,24,23,24
18,36,24,24,23
19,36,23,22,24
20,36,22,21,22
21,36,25,25,25
22,36,24,26,25
23,36,25,26,25
24,36,26,25,25
25,36,25,25,25
26,36,23,25,24
27,36,24,26,25
28,36,24,25,25
29,36,23,24,24
30,36,22,21,22
31,36,25,24,24
32,36,24,24,23
33,36,23,24,23
34,36,25,24,24
35,36,25,24,25
36,36,26,25,26
37,36,24,26,25
38,36,24,24,23
39,36,24,25,24
40,36,22,20,22
41,36,25,26,25
42,36,24,26,24
43,36,24,26,25
44,36,25,25,25
45,36,25,26,25
46,36,23,23,24
47,36,26,26,25
48,36,25,27,25
49,36,26,27,26
50,36,24,25,26
51,36,20,21,21
52,36,25,24,24
53,36,25,25,25
54,36,23,22,22
55,36,22,22,21
56,36,26,27,26
57,36,26,28,27
58,36,28,27,28
59,36,25,25,26
60,36,26,24,26
61,36,24,24,24
62,36,27,25,24
63,36,23,25,24
0,37,25,25,26
1,37,28,27,25
2,37,23,25,26
3,37,25,27,24
4,37,23,22,23
5,37,25,25,23
6,37,26,26,27
7,37,25,26,25
8,37,23,24,22
9,37,25,26,25
10,37,26,26,24
11,37,21,22,23
12,37,24,27,24
13,37,29,28,29
14,37,24,25,24
15,37,25,25,25
16,37,24,26,26
17,37,24,25,23
18,37,24,24,24
19,37,26,25,27
20,37,25,25,25
21,37,26,25,26
22,37,25,26,25
23,37,22,25,25
24,37,25,25,24
25,37,24,25,24
26,37,24,23,23
27,37,24,25,24
28,37,24,24,24
29,37,24,24,24
30,37,24,24,22
31,37,25,25,25
32,37,23,24,23
33,37,24,25,25
34,37,24,26,25
35,37,24,24,25
36,37,25,26,24
37,37,25,26,26
38,37,24,24,23
39,37,24,25,24
40,37,25,24,24
41,37,24,27,24
42,37,25,24,25
43,37,26,25,26
44,37,26,26,26
45,37,24,25,24
46,37,26,25,24
47,37,21,22,22
48,37,25,26,27
49,37,25,25,24
50,37,23,23,24
51,37,24,24,23
52,37,26,25,25
53,37,24,25,24
54,37,24,23,24
55,37,22,24,23
56,37,28,27,26
57,37,24,27,25
58,37,23,23,24
59,37,22,24,23
60,37,22,22,22
61,37,21,21,22
62,37,24,24,24
63,37,21,21,21
0,38,24,27,26
1,38,25,24,25
2,38,22,25,25
3,38,23,23,23
4,38,21,23,22
5,38,23,23,23
6,38,25,24,23
7,38,26,29,26
8,38,23,23,24
9,38,24,24,22
10,38,23,26,25
11,38,24,22,23
12,38,26,26,27
13,38,27,26,26
14,38,25,24,24
15,38,22,23,23
16,38,28,28,26
17,38,24,26,24
18,38,23,23,22
19,38,25,25,25
20,38,24,25,24
21,38,23,23,23
22,38,23,22,22
23,38,24,22,23
24,38,25,27,25
25,38,26,27,25
26,38,24,24,24
27,38,25,25,23
28,38,22,24,26
29,38,24,25,22
30,38,25,24,25
31,38,23,24,24
32,38,27,27,26
33,38,25,24,24
34,38,22,23,23
35,38,23,25,25
36,38,24,26,25
37,38,25,27,25
38,38,27,25,25
39,38,24,24,25
40,38,25,25,25
41,38,26,26,26
42,38,26,25,24
43,38,22,24,22
44,38,24,23,24
45,38,25,23,24
46,38,23,25,23
47,38,21,23,23
48,38,25,25,24
49,38,23,23,24
50,38,24,25,24
51,38,26,27,27
52,38,26,27,26
53,38,26,25,25
54,38,26,26,25
55,38,27,27,27
56,38,23,23,22
57,38,25,24,24
58,38,23,25,26
59,38,24,25,23
60,38,24,25,25
61,38,24,25,24
62,38,25,25,24
63,38,22,20,21
0,39,25,24,25
1,39,24,26,25
2,39,21,23,22
3,39,21,21,21
4,39,22,22,23
5,39,24,25,25
6,39,22,24,24
7,39,21,22,22
8,39,26,26,24
9,39,24,24,25
10,39,25,26,26
11,39,25,24,24
12,39,26,25,27
13,39,24,26,25
14,39,26,27,25
15,39,23,25,24
16,39,26,26,27
17,39,21,21,20
18,39,21,22,21
19,39,24,23,24
20,39,22,21,22
21,39,22,24,20
22,39,21,23,22
23,39,23,22,23
24,39,27,27,27
25,39,28,28,27
26,39,24,24,24
27,39,24,24,25
28,39,25,25,23
29,39,24,23,24
30,39,24,26,23
31,39,20,21,23
32,39,26,24,25
33,39,24,26,27
34,39,24,26,25
35,39,25,24,25
36,39,24,26,26
37,39,24,24,23
38,39,24,24,24
39,39,25,25,25
40,39,25,25,25
41,39,24,23,23
42,39,23,23,23
43,39,23,23,23
44,39,23,24,26
45,39,26,25,26
46,39,22,23,22
47,39,24,22,23
48,39,24,23,24
49,39,23,24,23
50,39,25,25,25
51,39,24,24,24
52,39,24,23,24
53,39,23,23,24
54,39,26,27,25
55,39,26,27,25
56,39,18,19,18
57,39,28,28,27
58,39,28,28,29
59,39,24,25,25
60,39,26,24,25
61,39,23,24,23
62,39,24,24,23
63,39,24,24,24
0,40,24,25,24
1,40,23,23,23
2,40,23,25,24
3,40,26,25,24
4,40,26,27,25
5,40,27,25,24
6,40,24,25,23
7,40,24,26,24
8,40,22,22,21
9,40,23,23,23
10,40,24,25,24
11,40,25,25,25
12,40,23,24,24
13,40,24,24,24
14,40,24,24,23
15,40,24,24,24
16,40,26,26,25
17,40,22,22,22
18,40,24,24,24
19,40,26,26,25
20,40,25,25,24
21,40,24,24,24
22,40,21,23,24
23,40,25,24,25
24,40,23,22,22
25,40,20,21,19
26,40,21,22,21
27,40,27,27,28
28,40,26,25,25
29,40,22,23,23
30,40,24,23,22
31,40,22,24,23
32,40,26,25,25
33,40,24,24,23
34,40,27,25,27
35,40,24,25,25
36,40,23,23,22
37,40,23,24,24
38,40,25,26,26
39,40,26,26,25
40,40,25,25,26
41,40,25,25,24
42,40,25,26,25
43,40,27,26,26
44,40,25,26,25
45,40,25,25,24
46,40,28,27,27
47,40,25,26,25
48,40,28,27,25
49,40,24,24,26
50,40,24,25,25
51,40,28,27,29
52,40,26,28,26
53,40,25,25,23
54,40,24,26,24
55,40,25,26,24
56,40,24,24,24
57,40,26,25,24
58,40,25,26,25
59,40,24,24,24
60,40,23,24,23
61,40,23,24,23
62,40,25,24,23
63,40,26,26,26
0,41,23,24,24
1,41,24,23,22
2,41,23,24,23
3,41,20,21,19
4,41,22,24,24
5,41,26,26,26
6,41,22,23,22
7,41,22,23,23
8,41,25,25,25
9,41,27,26,25
10,41,25,23,25
11,41,24,24,25
12,41,23,24,24
13,41,23,23,24
14,41,24,26,25
15,41,23,25,24
16,41,28,27,26
17,41,25,24,24
18,41,22,22,21
19,41,23,24,24
20,41,24,25,25
21,41,22,23,23
22,41,21,22,22
23,41,25,26,26
24,41,22,24,25
25,41,24,23,23
26,41,22,22,23
27,41,23,24,23
28,41,23,25,22
29,41,23,25,22
30,41,23,25,23
31,41,24,24,23
32,41,23,24,23
33,41,24,22,21
34,41,24,23,23
35,41,26,26,26
36,41,26,27,25
37,41,24,26,26
38,41,26,28,27
39,41,25,23,24
40,41,26,27,28
41,41,25,26,25
42,41,25,25,24
43,41,25,26,26
44,41,25,25,24
45,41,25,26,24
46,41,27,26,27
47,41,25,25,25
48,41,29,28,29
49,41,25,25,25
50,41,25,25,25
51,41,24,24,25
52,41,26,26,28
53,41,25,24,25
54,41,22,23,24
55,41,24,25,22
56,41,24,24,23
57,41,25,25,25
58,41,24,26,24
59,41,23,23,22
60,41,27,25,25
61,41,25,25,23
62,41,24,24,23
63,41,25,24,25
0,42,25,25,24
1,42,24,27,25
2,42,25,26,25
3,42,23,22,23
4,42,21,21,21
5,42,22,22,24
6,42,23,21,22
7,42,21,22,22
8,42,24,24,23
9,42,23,24,23
10,42,25,24,24
11,42,25,25,25
12,42,23,23,24
13,42,24,24,26
14,42,26,26,24
15,42,25,26,26
16,42,27,26,26
17,42,27,28,28
18,42,23,24,23
19,42,25,25,25
20,42,25,24,27
21,42,24,24,25
22,42,24,23,23
23,42,24,24,23
24,42,27,27,25
25,42,24,25,26
26,42,23,23,22
27,42,22,21,21
28,42,22,21,24
29,42,25,25,23
30,42,26,26,26
31,42,24,24,25
32,42,22,23,22
33,42,23,24,24
34,42,26,26,26
35,42,27,26,26
36,42,25,26,25
37,42,24,24,24
38,42,26,26,26
39,42,26,26,25
40,42,26,27,26
41,42,24,25,24
42,42,24,24,24
43,42,26,26,25
44,42,23,23,23
45,42,25,24,25
46,42,23,24,22
47,42,22,21,22
48,42,25,24,23
49,42,23,24,24
50,42,24,25,23
51,42,23,22,23
52,42,23,24,25
53,42,25,25,25
54,42,22,22,22
55,42,22,23,23
56,42,26,27,25
57,42,25,26,24
58,42,23,24,23
59,42,24,24,23
60,42,25,26,25
61,42,25,25,25
62,42,24,25,23
63,42,25,24,23
0,43,26,26,26
1,43,26,27,26
2,43,27,25,26
3,43,25,23,24
4,43,24,24,25
5,43,23,25,23
6,43,24,25,24
7,43,23,25,23
8,43,24,27,25
9,43,24,23,22
10,43,23,24,24
11,43,26,26,25
12,43,26,26,25
13,43,25,24,25
14,43,22,23,23
15,43,25,25,27
16,43,21,22,21
17,43,22,22,23
18,43,23,23,23
19,43,23,24,23
20,43,22,25,25
21,43,23,24,23
22,43,24,24,24
23,43,23,22,23
24,43,23,23,23
25,43,25,24,25
26,43,25,25,27
27,43,25,24,23
28,43,22,24,23
29,43,25,25,23
30,43,24,26,25
31,43,21,22,21
32,43,27,28,27
33,43,26,25,26
34,43,25,26,26
35,43,26,25,24
36,43,23,23,23
37,43,23,23,22
38,43,25,25,25
39,43,24,25,26
40,43,24,26,23
41,43,26,26,25
42,43,24,23,24
43,43,24,23,25
44,43,24,23,24
45,43,23,23,23
46,43,22,23,22
47,43,24,26,25
48,43,23,23,23
49,43,24,24,24
50,43,24,25,24
51,43,24,25,24
52,43,23,24,23
53,43,23,24,22
54,43,22,23,21
55,43,26,26,23
56,43,25,26,26
57,43,26,24,25
58,43,23,24,25
59,43,24,23,23
60,43,24,24,24
61,43,22,22,23
62,43,23,25,23
63,43,23,24,24
0,44,25,26,26
1,44,25,25,24
2,44,26,27,24
3,44,24,26,23
4,44,23,24,23
5,44,26,26,25
6,44,27,26,26
7,44,25,24,25
8,44,23,23,23
9,44,24,24,25
10,44,24,25,24
11,44,25,24,26
12,44,24,23,24
13,44,23,24,25
14,44,23,22,21
15,44,22,21,22
16,44,27,26,27
17,44,21,23,21
18,44,23,24,23
19,44,27,26,25
20,44,24,25,25
21,44,25,26,24
22,44,26,26,25
23,44,21,20,20
24,44,23,25,23
25,44,24,25,25
26,44,27,26,27
27,44,24,24,23
28,44,25,24,26
29,44,24,26,25
30,44,24,25,23
31,44,22,22,22
32,44,24,24,25
33,44,23,23,22
34,44,24,24,22
35,44,23,24,23
36,44,23,26,25
37,44,23,23,22
38,44,22,22,22
39,44,26,26,25
40,44,24,25,25
41,44,26,26,25
42,44,25,26,26
43,44,24,24,23
44,44,23,24,23
45,44,21,22,21
46,44,24,22,22
47,44,24,24,24
48,44,24,25,25
49,44,24,23,24
50,44,24,24,25
51,44,25,25,24
52,44,22,22,22
53,44,21,22,21
54,44,23,24,22
55,44,26,26,25
56,44,26,25,24
57,44,23,24,25
58,44,25,25,24
59,44,24,23,23
60,44,24,24,26
61,44,24,25,24
62,44,25,24,25
63,44,23,23,23
0,45,26,25,26
1,45,25,25,25
2,45,24,24,24
3,45,26,26,26
4,45,25,26,24
5,45,26,25,26
6,45,27,27,26
7,45,26,24,23
8,45,25,23,23
9,45,25,27,26
10,45,26,26,25
11,45,25,25,25
12,45,26,26,27
13,45,26,26,24
14,45,23,23,25
15,45,25,26,26
16,45,25,26,23
17,45,23,24,23
18,45,23,24,23
19,45,25,26,23
20,45,24,24,23
21,45,24,26,24
22,45,25,25,24
23,45,23,22,22
24,45,25,25,24
25,45,23,23,24
26,45,22,23,22
27,45,24,26,24
28,45,27,26,25
29,45,26,26,26
30,45,24,24,23
31,45,25,27,26
32,45,21,22,22
33,45,23,23,22
34,45,22,23,21
35,45,24,25,24
36,45,25,24,25
37,45,25,25,25
38,45,23,24,26
39,45,25,25,25
40,45,25,26,26
41,45,26,26,25
42,45,24,25,25
43,45,25,24,23
44,45,24,24,23
45,45,20,21,21
46,45,24,23,23
47,45,22,23,23
48,45,25,26,25
49,45,26,26,24
50,45,25,23,23
51,45,23,23,24
52,45,24,23,23
53,45,22,21,22
54,45,24,25,24
55,45,22,21,22
56,45,21,22,22
57,45,24,24,24
58,45,25,25,26
59,45,23,23,24
60,45,26,24,26
61,45,27,27,25
62,45,26,24,25
63,45,25,24,24
0,46,25,26,25
1,46,25,25,24
2,46,23,23,23
3,46,24,22,22
4,46,24,24,26
5,46,24,25,26
6,46,25,26,26
7,46,24,24,24
8,46,24,25,22
9,46,24,24,25
10,46,24,25,24
11,46,22,22,22
12,46,23,25,25
13,46,24,25,24
14,46,23,24,23
15,46,25,24,24
16,46,23,23,22
17,46,27,27,26
18,46,24,25,24
19,46,22,22,22
20,46,23,24,25
21,46,26,25,25
22,46,24,26,25
23,46,26,25,25
24,46,23,24,22
25,46,21,21,21
26,46,22,23,23
27,46,25,25,24
28,46,23,25,25
29,46,24,25,24
30,46,27,25,25
31,46,26,26,25
32,46,24,26,25
33,46,26,26,24
34,46,24,26,25
35,46,26,25,25
36,46,25,24,23
37,46,23,24,24
38,46,24,23,23
39,46,23,23,23
40,46,21,23,23
41,46,24,24,24
42,46,25,26,25
43,46,24,24,25
44,46,22,23,22
45,46,23,23,24
46,46,23,23,22
47,46,21,22,20
48,46,24,25,24
49,46,24,25,24
50,46,24,25,25
51,46,23,24,22
52,46,24,24,24
53,46,24,26,24
54,46,25,25,25
55,46,26,24,25
56,46,26,26,24
57,46,25,25,26
58,46,23,24,24
59,46,23,25,23
60,46,23,23,23
61,46,23,22,22
62,46,23,21,23
63,46,25,26,24
0,47,23,25,24
1,47,25,26,28
2,47,23,25,24
3,47,24,26,25
4,47,23,24,24
5,47,23,24,22
6,47,24,23,24
7,47,21,21,20
8,47,25,25,24
9,47,22,21,22
10,47,23,25,23
11,47,26,26,25
12,47,26,25,26
13,47,24,24,25
14,47,26,26,25
15,47,26,25,25
16,47,28,29,27
17,47,29,27,28
18,47,24,25,24
19,47,22,21,20
20,47,25,25,25
21,47,22,24,24
22,47,25,25,25
23,47,26,27,26
24,47,26,25,24
25,47,25,24,23
26,47,26,25,25
27,47,25,26,26
28,47,24,23,23
29,47,22,21,22
30,47,22,24,23
31,47,20,21,20
32,47,24,25,25
33,47,26,27,28
34,47,25,25,25
35,47,23,23,24
36,47,24,25,25
37,47,23,23,25
38,47,25,25,25
39,47,22,22,20
40,47,21,23,21
41,47,23,21,24
42,47,25,26,26
43,47,27,27,27
44,47,24,24,24
45,47,25,25,25
46,47,21,20,20
47,47,20,20,21
48,47,25,26,26
49,47,23,23,22
50,47,24,25,25
51,47,22,24,23
52,47,24,25,24
53,47,26,26,25
54,47,24,25,23
55,47,23,24,23
56,47,27,27,26
57,47,24,26,26
58,47,22,24,23
59,47,23,22,23
60,47,21,21,22
61,47,19,21,17
62,47,19,20,19
63,47,25,26,26
0,48,24,25,23
1,48,25,25,24
2,48,23,24,22
3,48,22,22,22
4,48,21,22,21
5,48,21,22,22
6,48,22,23,22
7,48,23,26,23
8,48,22,24,23
9,48,23,22,22
10,48,24,26,26
11,48,23,25,25
12,48,24,25,25
13,48,24,26,25
14,48,25,25,25
15,48,23,24,22
16,48,25,27,26
17,48,27,28,28
18,48,27,28,26
19,48,23,23,24
20,48,24,22,23
21,48,20,22,21
22,48,24,24,23
23,48,24,24,24
24,48,23,24,23
25,48,24,25,25
26,48,25,25,25
27,48,21,22,22
28,48,23,22,21
29,48,22,22,22
30,48,22,20,21
31,48,23,21,23
32,48,26,26,26
33,48,23,23,25
34,48,22,23,21
35,48,24,25,25
36,48,27,27,27
37,48,25,25,24
38,48,25,26,24
39,48,22,23,24
40,48,23,24,25
41,48,24,23,24
42,48,24,24,24
43,48,26,25,27
44,48,25,26,25
45,48,24,23,23
46,48,22,22,22
47,48,22,22,21
48,48,22,22,24
49,48,22,21,21
50,48,22,23,22
51,48,25,25,25
52,48,23,23,23
53,48,22,22,24
54,48,23,23,23
55,48,24,25,24
56,48,24,23,22
57,48,23,24,25
58,48,22,23,22
59,48,23,24,23
60,48,21,22,23
61,48,22,24,23
62,48,22,24,23
63,48,23,23,22
0,49,24,24,25
1,49,25,24,24
2,49,25,24,25
3,49,25,24,26
4,49,24,23,23
5,49,25,26,24
6,49,27,27,28
7,49,27,28,27
8,49,22,21,22
9,49,22,22,21
10,49,23,25,25
11,49,24,23,23
12,49,25,25,24
13,49,24,25,24
14,49,24,25,23
15,49,27,27,27
16,49,26,25,26
17,49,29,30,28
18,49,27,29,28
19,49,20,20,20
20,49,23,24,22
21,49,22,23,22
22,49,24,25,26
23,49,25,25,24
24,49,24,24,23
25,49,24,23,23
26,49,23,23,24
27,49,24,23,23
28,49,25,26,26
29,49,21,22,21
30,49,20,21,19
31,49,23,23,24
32,49,25,23,23
33,49,25,25,24
34,49,26,26,26
35,49,26,25,26
36,49,24,25,23
37,49,26,25,23
38,49,25,25,25
39,49,25,26,24
40,49,26,25,24
41,49,25,26,24
42,49,27,27,25
43,49,26,27,27
44,49,22,21,21
45,49,15,17,14
46,49,20,21,20
47,49,28,29,27
48,49,26,26,26
49,49,24,25,24
50,49,24,22,24
51,49,22,20,23
52,49,23,23,22
53,49,24,23,24
54,49,23,24,25
55,49,24,24,23
56,49,22,22,23
57,49,25,25,25
58,49,25,25,26
59,49,25,24,26
60,49,19,20,18
61,49,21,20,21
62,49,23,23,21
63,49,23,22,23
0,50,25,24,24
1,50,24,24,24
2,50,24,24,24
3,50,24,24,23
4,50,24,23,22
5,50,27,26,25
6,50,27,28,27
7,50,27,26,25
8,50,25,26,24
9,50,26,27,27
10,50,28,26,28
11,50,25,25,24
12,50,25,25,26
13,50,24,26,24
14,50,26,24,24
15,50,25,26,25
16,50,20,21,21
17,50,22,22,22
18,50,22,23,23
19,50,23,21,21
20,50,27,26,26
21,50,23,24,24
22,50,26,24,25
23,50,25,25,24
24,50,25,25,24
25,50,24,25,23
26,50,21,22,21
27,50,24,24,24
28,50,26,27,26
29,50,23,25,23
30,50,25,26,24
31,50,28,26,26
32,50,23,25,25
33,50,25,27,26
34,50,25,27,26
35,50,25,26,24
36,50,24,24,24
37,50,23,23,23
38,50,24,25,24
39,50,25,24,23
40,50,25,25,25
41,50,26,23,24
42,50,23,22,22
43,50,21,20,21
44,50,17,16,16
45,50,19,18,18
46,50,27,26,24
47,50,29,29,30
48,50,26,27,26
49,50,25,25,27
50,50,27,26,25
51,50,25,25,24
52,50,23,22,22
53,50,20,20,20
54,50,23,22,21
55,50,24,26,24
56,50,25,25,25
57,50,24,26,24
58,50,25,24,25
59,50,25,24,24
60,50,23,23,23
61,50,26,25,25
62,50,24,25,24
63,50,25,27,25
0,51,24,24,24
1,51,23,23,21
2,51,24,26,23
3,51,24,24,25
4,51,25,24,25
5,51,25,25,24
6,51,25,27,26
7,51,24,24,23
8,51,27,27,27
9,51,27,25,23
10,51,24,24,24
11,51,23,22,22
12,51,24,26,24
13,51,25,25,25
14,51,22,22,22
15,51,23,24,23
16,51,21,21,21
17,51,22,22,23
18,51,22,23,23
19,51,24,24,24
20,51,27,28,28
21,51,25,24,24
22,51,22,23,23
23,51,23,25,24
24,51,26,26,25
25,51,25,26,25
26,51,23,24,23
27,51,23,23,23
28,51,24,26,26
29,51,23,24,23
30,51,27,28,28
31,51,25,27,26
32,51,25,26,25
33,51,26,27,25
34,51,24,23,23
35,51,21,21,22
36,51,22,21,23
37,51,22,23,23
38,51,25,26,24
39,51,22,23,25
40,51,25,27,26
41,51,25,24,25
42,51,24,23,23
43,51,22,21,21
44,51,19,19,20
45,51,24,23,24
46,51,25,26,25
47,51,22,23,23
48,51,26,24,24
49,51,24,24,24
50,51,26,26,26
51,51,25,24,25
52,51,21,22,23
53,51,22,23,23
54,51,23,24,24
55,51,24,25,25
56,51,25,26,24
57,51,24,24,24
58,51,24,22,24
59,51,23,22,21
60,51,25,24,26
61,51,26,26,26
62,51,24,24,25
63,51,25,25,24
0,52,26,26,24
1,52,24,25,24
2,52,23,24,23
3,52,25,26,24
4,52,23,24,24
5,52,25,25,24
6,52,24,25,23
7,52,24,26,25
8,52,25,24,24
9,52,24,25,23
10,52,25,24,24
11,52,23,22,24
12,52,22,22,22
13,52,24,24,23
14,52,25,24,24
15,52,24,25,24
16,52,27,25,26
17,52,27,28,25
18,52,23,25,25
19,52,23,23,24
20,52,25,23,23
21,52,22,23,25
22,52,22,24,23
23,52,24,23,22
24,52,22,24,22
25,52,25,25,24
26,52,25,25,26
27,52,24,24,23
28,52,24,25,24
29,52,27,27,26
30,52,26,27,26
31,52,25,25,24
32,52,26,25,25
33,52,27,25,25
34,52,23,24,24
35,52,23,24,23
36,52,23,25,23
37,52,23,25,25
38,52,23,24,24
39,52,25,25,25
40,52,26,25,24
41,52,23,24,23
42,52,24,23,24
43,52,26,25,25
44,52,25,26,25
45,52,27,26,26
46,52,24,23,24
47,52,22,23,24
48,52,24,24,24
49,52,22,22,24
50,52,23,23,22
51,52,23,24,24
52,52,24,24,23
53,52,24,23,24
54,52,23,24,23
55,52,24,24,23
56,52,25,24,25
57,52,24,25,23
58,52,24,24,26
59,52,26,25,25
60,52,27,26,26
61,52,23,23,23
62,52,23,24,23
63,52,26,27,25
0,53,26,25,26
1,53,24,24,23
2,53,23,24,22
3,53,23,24,24
4,53,23,23,24
5,53,25,25,26
6,53,25,25,25
7,53,25,25,25
8,53,21,22,23
9,53,24,25,24
10,53,25,24,24
11,53,22,23,22
12,53,24,25,24
13,53,24,24,25
14,53,26,25,25
15,53,24,23,24
16,53,29,27,28
17,53,26,26,26
18,53,22,22,23
19,53,24,22,23
20,53,21,22,19
21,53,21,22,22
22,53,27,27,27
23,53,28,26,26
24,53,24,25,23
25,53,23,25,23
26,53,23,25,25
27,53,24,23,24
28,53,24,23,23
29,53,25,26,25
30,53,26,27,26
31,53,26,26,25
32,53,24,25,23
33,53,26,26,24
34,53,27,28,25
35,53,23,25,24
36,53,23,24,24
37,53,24,24,23
38,53,25,26,24
39,53,25,24,24
40,53,24,26,24
41,53,20,20,21
42,53,21,23,21
43,53,24,25,25
44,53,27,26,27
45,53,25,26,24
46,53,25,25,27
47,53,24,24,24
48,53,23,23,23
49,53,25,24,24
50,53,24,24,25
51,53,26,25,26
52,53,23,23,23
53,53,23,23,21
54,53,21,22,20
55,53,24,24,23
56,53,24,24,24
57,53,24,23,22
58,53,26,25,25
59,53,26,27,26
60,53,25,26,24
61,53,22,21,23
62,53,25,23,25
63,53,24,25,25
0,54,23,24,22
1,54,22,22,22
2,54,25,28,26
3,54,25,25,26
4,54,23,24,22
5,54,24,25,24
6,54,24,23,23
7,54,23,26,25
8,54,24,24,24
9,54,26,24,25
10,54,23,23,23
11,54,23,22,24
12,54,25,25,24
13,54,25,25,25
14,54,25,26,25
15,54,25,24,26
16,54,26,26,24
17,54,26,24,24
18,54,23,23,22
19,54,25,26,24
20,54,25,27,25
21,54,25,24,24
22,54,27,27,25
23,54,26,26,26
24,54,26,26,26
25,54,27,27,25
26,54,25,27,26
27,54,26,26,25
28,54,27,26,26
29,54,26,27,25
30,54,24,23,25
31,54,25,25,24
32,54,25,27,26
33,54,27,26,27
34,54,27,26,25
35,54,24,24,24
36,54,25,25,26
37,54,22,23,22
38,54,25,25,24
39,54,25,25,26
40,54,24,25,24
41,54,24,25,23
42,54,24,23,24
43,54,24,26,25
44,54,23,23,22
45,54,20,22,22
46,54,24,24,24
47,54,26,26,25
48,54,22,25,24
49,54,25,25,25
50,54,25,25,26
51,54,24,24,23
52,54,21,22,20
53,54,23,24,24
54,54,25,24,24
55,54,27,25,26
56,54,20,22,22
57,54,22,22,22
58,54,25,24,24
59,54,24,25,22
60,54,23,24,23
61,54,24,26,25
62,54,23,23,22
63,54,23,23,23
0,55,24,23,24
1,55,25,23,22
2,55,26,27,27
3,55,25,25,25
4,55,24,24,24
5,55,21,21,21
6,55,24,24,25
7,55,25,25,24
8,55,25,25,25
9,55,26,27,25
10,55,23,24,24
11,55,25,23,22
12,55,25,25,26
13,55,27,26,26
14,55,26,26,25
15,55,27,26,26
16,55,27,28,26
17,55,23,24,23
18,55,20,22,22
19,55,26,26,27
20,55,26,27,27
21,55,24,24,25
22,55,23,25,23
23,55,21,22,22
24,55,25,25,26
25,55,25,23,25
26,55,21,23,23
27,55,23,23,21
28,55,25,25,24
29,55,23,26,23
30,55,23,23,23
31,55,25,25,24
32,55,24,25,25
33,55,21,21,22
34,55,21,23,23
35,55,25,26,28
36,55,29,29,29
37,55,26,26,26
38,55,23,25,25
39,55,25,26,26
40,55,26,27,27
41,55,25,25,25
42,55,25,26,26
43,55,26,25,25
44,55,24,25,24
45,55,19,20,19
46,55,22,24,23
47,55,26,27,27
48,55,25,24,24
49,55,24,24,25
50,55,26,25,25
51,55,22,23,23
52,55,21,21,20
53,55,24,25,24
54,55,25,27,26
55,55,27,26,26
56,55,24,22,20
57,55,24,23,22
58,55,25,25,24
59,55,24,24,24
60,55,24,23,24
61,55,23,22,24
62,55,24,23,23
63,55,24,24,22
0,56,25,24,24
1,56,24,23,23
2,56,24,25,24
3,56,21,21,21
4,56,24,25,24
5,56,24,22,23
6,56,24,24,23
7,56,25,23,25
8,56,25,24,24
9,56,24,25,25
10,56,23,24,21
11,56,24,25,24
12,56,25,25,24
13,56,22,22,24
14,56,27,28,26
15,56,26,26,26
16,56,25,23,26
17,56,27,28,26
18,56,25,24,25
19,56,22,21,21
20,56,23,22,23
21,56,25,25,25
22,56,24,25,26
23,56,23,25,23
24,56,25,25,25
25,56,25,26,24
26,56,25,26,24
27,56,28,28,27
28,56,27,28,27
29,56,27,26,27
30,56,26,27,26
31,56,22,23,20
32,56,23,24,23
33,56,25,26,27
34,56,25,26,25
35,56,27,27,26
36,56,25,26,25
37,56,25,23,24
38,56,24,23,23
39,56,25,25,26
40,56,24,23,23
41,56,23,24,23
42,56,22,23,22
43,56,21,21,21
44,56,22,21,20
45,56,24,27,26
46,56,25,26,24
47,56,25,25,25
48,56,23,25,23
49,56,24,25,25
50,56,24,26,25
51,56,26,26,27
52,56,23,25,23
53,56,23,24,26
54,56,25,24,25
55,56,24,25,24
56,56,22,23,26
57,56,22,22,23
58,56,22,24,23
59,56,24,25,24
60,56,23,25,25
61,56,24,25,24
62,56,27,27,27
63,56,27,27,26
0,57,25,24,26
1,57,25,26,24
2,57,24,25,23
3,57,23,23,24
4,57,21,23,21
5,57,23,26,25
6,57,24,26,24
7,57,22,21,22
8,57,26,25,27
9,57,25,25,24
10,57,25,24,25
11,57,24,22,24
12,57,26,24,24
13,57,23,23,24
14,57,24,23,24
15,57,21,23,21
16,57,19,20,21
17,57,24,22,24
18,57,23,24,23
19,57,22,22,22
20,57,24,26,24
21,57,24,24,24
22,57,25,24,25
23,57,25,26,25
24,57,29,28,30
25,57,28,28,25
26,57,27,25,25
27,57,25,25,24
28,57,24,24,24
29,57,23,23,24
30,57,23,24,23
31,57,22,23,21
32,57,23,24,24
33,57,24,26,25
34,57,26,25,25
35,57,25,25,24
36,57,26,26,25
37,57,22,24,23
38,57,23,22,22
39,57,25,25,24
40,57,22,22,23
41,57,25,24,24
42,57,24,24,24
43,57,23,22,23
44,57,24,25,24
45,57,26,26,26
46,57,27,27,27
47,57,26,26,26
48,57,26,25,25
49,57,24,23,23
50,57,26,26,24
51,57,25,25,24
52,57,25,23,24
53,57,23,23,22
54,57,24,26,24
55,57,25,26,25
56,57,24,22,24
57,57,23,24,22
58,57,23,23,24
59,57,23,23,23
60,57,23,25,23
61,57,26,27,26
62,57,27,27,25
63,57,25,26,26
0,58,25,26,25
1,58,26,27,26
2,58,27,26,25
3,58,26,25,25
4,58,25,23,24
5,58,26,25,26
6,58,25,25,24
7,58,22,23,21
8,58,23,25,26
9,58,24,23,22
10,58,24,24,26
11,58,25,26,24
12,58,24,26,25
13,58,27,26,25
14,58,22,23,22
15,58,23,23,24
16,58,22,23,22
17,58,23,23,24
18,58,25,25,24
19,58,22,22,23
20,58,26,24,24
21,58,26,26,25
22,58,23,25,25
23,58,26,27,25
24,58,23,24,22
25,58,26,26,26
26,58,26,25,25
27,58,25,25,24
28,58,24,23,23
29,58,21,23,23
30,58,23,25,23
31,58,26,26,25
32,58,25,25,24
33,58,23,22,24
34,58,23,24,23
35,58,24,24,25
36,58,25,24,24
37,58,24,25,23
38,58,25,24,23
39,58,24,24,26
40,58,22,23,22
41,58,23,24,22
42,58,25,25,26
43,58,25,25,24
44,58,27,28,27
45,58,26,26,24
46,58,24,24,25
47,58,23,24,24
48,58,25,25,24
49,58,22,23,22
50,58,24,25,25
51,58,24,25,25
52,58,26,25,25
53,58,25,24,24
54,58,24,24,24
55,58,24,23,23
56,58,23,23,25
57,58,23,23,23
58,58,23,23,24
59,58,22,21,22
60,58,21,23,21
61,58,23,22,23
62,58,24,25,24
63,58,21,22,19
0,59,26,26,26
1,59,25,25,24
2,59,26,24,26
3,59,22,23,23
4,59,21,22,22
5,59,24,22,23
6,59,22,23,22
7,59,20,21,21
8,59,24,24,24
9,59,26,25,25
10,59,25,25,26
11,59,23,24,24
12,59,24,24,24
13,59,24,25,25
14,59,22,23,21
15,59,24,23,22
16,59,23,24,24
17,59,26,26,26
18,59,24,24,25
19,59,23,23,22
20,59,24,24,24
21,59,23,24,24
22,59,22,24,23
23,59,23,24,24
24,59,24,23,22
25,59,25,25,25
26,59,27,26,26
27,59,25,27,27
28,59,27,27,28
29,59,23,24,22
30,59,25,24,25
31,59,25,27,28
32,59,24,24,24
33,59,25,25,25
34,59,25,24,25
35,59,25,25,24
36,59,26,26,25
37,59,24,23,23
38,59,25,26,26
39,59,25,25,24
40,59,21,22,21
41,59,23,23,23
42,59,23,24,23
43,59,24,24,24
44,59,24,23,24
45,59,22,23,22
46,59,23,24,22
47,59,24,23,25
48,59,25,25,25
49,59,23,23,23
50,59,26,24,25
51,59,23,23,23
52,59,24,23,22
53,59,24,22,22
54,59,23,23,23
55,59,23,25,23
56,59,21,22,22
57,59,24,23,23
58,59,25,25,25
59,59,26,25,26
60,59,23,22,23
61,59,21,20,20
62,59,22,24,24
63,59,22,23,24
0,60,26,26,25
1,60,23,25,23
2,60,20,20,20
3,60,22,21,21
4,60,23,23,24
5,60,22,22,24
6,60,23,25,24
7,60,21,21,21
8,60,25,25,25
9,60,24,25,24
10,60,26,25,24
11,60,26,25,25
12,60,22,23,23
13,60,24,25,24
14,60,24,25,24
15,60,26,25,25
16,60,25,25,23
17,60,24,25,24
18,60,24,26,24
19,60,26,25,26
20,60,24,24,24
21,60,24,24,26
22,60,24,24,24
23,60,23,23,23
24,60,24,25,23
25,60,26,29,25
26,60,26,25,24
27,60,25,25,24
28,60,25,23,26
29,60,23,23,23
30,60,20,21,21
31,60,21,20,21
32,60,25,25,25
33,60,25,24,23
34,60,26,25,24
35,60,25,25,24
36,60,25,24,24
37,60,22,24,25
38,60,26,27,26
39,60,26,26,25
40,60,24,23,23
41,60,24,25,24
42,60,25,25,24
43,60,24,24,22
44,60,24,25,24
45,60,25,25,24
46,60,24,25,25
47,60,25,25,24
48,60,24,25,23
49,60,24,24,23
50,60,22,23,24
51,60,23,23,22
52,60,23,22,22
53,60,23,22,22
54,60,23,24,23
55,60,24,23,24
56,60,25,25,25
57,60,24,24,24
58,60,23,24,24
59,60,22,25,22
60,60,23,24,24
61,60,25,25,24
62,60,25,25,24
63,60,23,24,23
0,61,23,24,25
1,61,23,23,22
2,61,26,26,27
3,61,25,25,25
4,61,23,25,24
5,61,22,23,22
6,61,26,26,26
7,61,26,26,25
8,61,24,23,25
9,61,23,23,22
10,61,22,24,23
11,61,21,21,21
12,61,23,23,21
13,61,23,24,23
14,61,25,25,27
15,61,26,28,26
16,61,27,25,26
17,61,25,25,24
18,61,26,27,27
19,61,26,27,28
20,61,25,25,26
21,61,24,27,25
22,61,24,23,24
23,61,25,26,23
24,61,24,25,25
25,61,26,28,26
26,61,23,24,24
27,61,22,23,23
28,61,24,25,23
29,61,26,24,25
30,61,23,23,24
31,61,23,23,24
32,61,26,26,24
33,61,21,22,23
34,61,24,24,24
35,61,25,24,25
36,61,26,25,25
37,61,25,25,24
38,61,24,24,23
39,61,24,24,24
40,61,25,25,25
41,61,28,28,27
42,61,27,27,27
43,61,24,24,23
44,61,23,27,23
45,61,25,25,26
46,61,22,21,21
47,61,24,23,23
48,61,25,25,25
49,61,23,25,23
50,61,23,22,23
51,61,23,25,24
52,61,26,27,25
53,61,26,26,25
54,61,26,24,25
55,61,23,25,23
56,61,26,25,26
57,61,24,24,23
58,61,23,21,23
59,61,23,25,26
60,61,26,27,24
61,61,22,24,24
62,61,22,24,23
63,61,25,25,26
0,62,25,23,25
1,62,24,23,24
2,62,27,28,26
3,62,25,26,25
4,62,26,25,25
5,62,23,24,24
6,62,26,25,26
7,62,26,26,26
8,62,20,22,22
9,62,25,21,23
10,62,20,23,22
11,62,21,21,22
12,62,24,24,25
13,62,26,27,26
14,62,24,23,25
15,62,24,25,24
16,62,28,29,28
17,62,23,22,24
18,62,26,27,25
19,62,26,24,26
20,62,26,25,25
21,62,25,25,24
22,62,25,25,24
23,62,24,24,24
24,62,27,26,27
25,62,23,24,21
26,62,23,24,23
27,62,25,25,24
28,62,25,26,26
29,62,25,26,25
30,62,25,25,24
31,62,24,25,24
32,62,29,27,28
33,62,26,24,25
34,62,22,21,22
35,62,23,23,22
36,62,27,27,25
37,62,26,27,28
38,62,22,22,22
39,62,22,23,23
40,62,29,27,26
41,62,25,26,25
42,62,23,26,25
43,62,23,23,23
44,62,23,24,23
45,62,24,23,24
46,62,24,24,23
47,62,25,25,25
48,62,25,26,26
49,62,25,24,25
50,62,23,24,24
51,62,24,23,25
52,62,26,26,26
53,62,26,25,26
54,62,25,26,25
55,62,28,28,27
56,62,21,22,21
57,62,22,22,20
58,62,22,23,23
59,62,26,24,24
60,62,24,26,25
61,62,25,24,22
62,62,24,24,22
63,62,24,26,25
0,63,26,27,26
1,63,27,27,26
2,63,26,28,26
3,63,25,24,23
4,63,24,23,23
5,63,24,25,25
6,63,22,23,24
7,63,23,23,23
8,63,24,24,24
9,63,24,24,24
10,63,23,25,25
11,63,25,25,25
12,63,28,28,27
13,63,26,26,27
14,63,26,25,25
15,63,24,23,23
16,63,25,26,26
17,63,23,24,24
18,63,22,23,24
19,63,24,24,23
20,63,26,24,22
21,63,23,24,21
22,63,25,24,24
23,63,24,26,25
24,63,22,23,23
25,63,24,25,25
26,63,24,24,25
27,63,25,24,24
28,63,24,24,24
29,63,25,24,23
30,63,29,27,28
31,63,26,28,27
32,63,25,26,26
33,63,24,24,24
34,63,23,23,23
35,63,20,22,20
36,63,24,24,23
37,63,23,23,23
38,63,22,24,22
39,63,23,23,23
40,63,25,25,26
41,63,21,22,21
42,63,21,22,22
43,63,20,20,20
44,63,20,19,19
45,63,21,21,22
46,63,25,27,25
47,63,27,24,26
48,63,26,25,26
49,63,24,23,25
50,63,23,24,24
51,63,24,24,23
52,63,26,24,25
53,63,24,24,27
54,63,24,24,25
55,63,27,28,27
56,63,23,22,22
57,63,25,24,23
58,63,25,28,27
59,63,26,26,26
60,63,24,23,24
61,63,24,25,23
62,63,27,27,27
63,63,25,26,25
